{"cameraMode":{"drawMode":0,"name":"Shaded","section":"Shading Mode"},"sceneLighting":true,"audioPlay":false,"sceneViewState":{"m_AlwaysRefresh":false,"showFog":true,"showSkybox":true,"showFlares":true,"showImageEffects":true,"showParticleSystems":true,"showVisualEffectGraphs":true,"m_FxEnabled":true},"in2DMode":false,"pivot":{"x":142.94760131835938,"y":234.18487548828126,"z":-438.9358825683594},"rotation":{"x":0.04078199341893196,"y":-0.028476428240537645,"z":0.001160650048404932,"w":0.9987680315971375},"size":9.71688175201416,"orthographic":false}